ID,KEYWORD
1,Analytics
2,Version Control
3,Quantitative Analysis
4,Long Short-Term Memory (LSTM)
5,IT Infrastructure
6,Software Engineering
7,Convolutional Neural Networks (CNN)
8,C++
9,Natural Language Processing (NLP)
10,Business Intelligence Tools
11,Azure
12,API Gateway
13,PHP
14,Testing and Debugging
15,SQL
16,Artificial Intelligence (AI)
17,Mobile Application Development
18,Generative Adversarial Networks (GAN)
19,UX/UI Design
20,Market Analysis
21,Market Research Techniques
22,Networking
23,Predictive Modeling
24,Requirements Gathering
25,Auto Scaling
26,Tableau
27,Artificial Intelligence
28,C#
29,Software Engineer Intern
30,Data Mining
31,Technical Documentation
32,Cloud Computing
33,Terraform
34,Transfer Learning
35,ML
36,Security Groups
37,Image Processing
38,Route 53
39,Financial Modeling
40,Decision Support Systems
41,Git
42,Web Development
43,Automation Tools Development
44,Business Process Improvement
45,.NET
46,Data Visualization
47,PostgreSQL
48,SQL Server
49,Business Process
50,Ansible
51,HTML/CSS
52,ReactJS
53,Docker
54,Reinforcement Learning
55,Business Intelligence
56,AWS
57,Django
58,TensorFlow
59,CI/CD
60,Machine Learning
61,MongoDB
62,JavaScript/TypeScript
63,Software Development Life Cycle
64,Agile Methodologies
65,ASP.NET
66,Cloud Storage
67,AI Modeling
68,SVN
69,Serverless Architecture
70,Excel
71,Scripting
72,Python
73,Source Control Management
74,Strategic Planning
75,Jenkins
76,Flask
77,Requirements Analysis
78,Data Analysis
79,Infrastructure as Code
80,Business Analyst
81,API Development
82,Database Management
83,Data Modeling
84,Natural Language Processing
85,C/C++
86,Vue.js
87,IAM
88,Java
89,C
90,SW design
91,Supervised Learning
92,Load Balancing
93,Project Management
94,NoSQL
95,Computer Vision
96,Web
97,UI/UX Design
98,System Integration
99,Scope Management
100,DevOps Environment
101,Process Improvement
102,Business Analysis
103,Front-End Development
104,SW design patterns
105,Google Cloud Platform
106,Software Development
107,Deep Learning
108,MySQL
109,Market Research
110,Full Stack Development
111,Project Planning
112,Software Integration
113,Lambda Functions
114,Recurrent Neural Networks (RNN)
115,Neural Networks
116,Kubernetes
117,VPC
118,AngularJS
119,Project Portfolio Management
120,Forecasting
121,Unsupervised Learning
122,Back-End Development
